-- MySQL dump 10.13  Distrib 5.7.17, for macos10.12 (x86_64)
--
-- Host: localhost    Database: dbgestion
-- ------------------------------------------------------
-- Server version	5.6.35

/*!40101 SET @OLD_CHARACTER_SET_CLIENT=@@CHARACTER_SET_CLIENT */;
/*!40101 SET @OLD_CHARACTER_SET_RESULTS=@@CHARACTER_SET_RESULTS */;
/*!40101 SET @OLD_COLLATION_CONNECTION=@@COLLATION_CONNECTION */;
/*!40101 SET NAMES utf8 */;
/*!40103 SET @OLD_TIME_ZONE=@@TIME_ZONE */;
/*!40103 SET TIME_ZONE='+00:00' */;
/*!40014 SET @OLD_UNIQUE_CHECKS=@@UNIQUE_CHECKS, UNIQUE_CHECKS=0 */;
/*!40014 SET @OLD_FOREIGN_KEY_CHECKS=@@FOREIGN_KEY_CHECKS, FOREIGN_KEY_CHECKS=0 */;
/*!40101 SET @OLD_SQL_MODE=@@SQL_MODE, SQL_MODE='NO_AUTO_VALUE_ON_ZERO' */;
/*!40111 SET @OLD_SQL_NOTES=@@SQL_NOTES, SQL_NOTES=0 */;

--
-- Table structure for table `authors`
--

DROP TABLE IF EXISTS `authors`;
/*!40101 SET @saved_cs_client     = @@character_set_client */;
/*!40101 SET character_set_client = utf8 */;
CREATE TABLE `authors` (
  `id` int(11) NOT NULL AUTO_INCREMENT,
  `first_name` varchar(50) COLLATE utf8_unicode_ci NOT NULL,
  `last_name` varchar(50) COLLATE utf8_unicode_ci NOT NULL,
  `email` varchar(100) COLLATE utf8_unicode_ci NOT NULL,
  `birthdate` date NOT NULL,
  `added` timestamp NOT NULL DEFAULT CURRENT_TIMESTAMP,
  PRIMARY KEY (`id`),
  UNIQUE KEY `email` (`email`)
) ENGINE=InnoDB AUTO_INCREMENT=51 DEFAULT CHARSET=utf8 COLLATE=utf8_unicode_ci;
/*!40101 SET character_set_client = @saved_cs_client */;

--
-- Dumping data for table `authors`
--

LOCK TABLES `authors` WRITE;
/*!40000 ALTER TABLE `authors` DISABLE KEYS */;
INSERT INTO `authors` VALUES (1,'Brielle','O\'Hara','alexandre67@example.com','1974-05-21','1999-09-17 22:17:28'),(2,'Flavio','Lehner','mafalda85@example.net','1971-10-14','1998-09-09 03:25:06'),(3,'Elmira','Johns','wellington52@example.org','1983-11-28','2015-02-07 18:56:43'),(4,'Elza','Mitchell','marisol46@example.org','1989-03-08','1992-08-21 03:21:39'),(5,'Viva','Greenfelder','era94@example.com','1995-04-17','2017-04-30 08:55:39'),(6,'Maxwell','VonRueden','mcassin@example.net','1994-07-01','1996-05-09 02:30:14'),(7,'Deontae','Becker','rory.kub@example.org','1992-02-19','2017-07-22 14:49:15'),(8,'Sylvester','Christiansen','erohan@example.org','1990-09-03','2004-05-08 11:15:37'),(9,'Torrey','Strosin','adams.luciano@example.net','1999-10-09','2009-08-31 00:30:44'),(10,'Kelli','Smitham','daniel.catalina@example.com','2012-11-07','1986-01-22 23:52:57'),(11,'Abigale','Schuppe','andreanne.hayes@example.net','2018-02-18','1994-05-07 09:26:36'),(12,'Letha','Gleason','eldridge.heaney@example.net','2009-02-06','1998-05-25 07:37:54'),(13,'Sienna','Upton','monique57@example.org','2017-08-17','2009-08-08 22:08:10'),(14,'Harley','Gutkowski','breilly@example.net','1987-11-30','1998-07-31 14:08:01'),(15,'Lois','Bednar','hpouros@example.net','2002-02-11','2001-07-26 18:04:16'),(16,'Gail','McDermott','reina.kerluke@example.com','1987-03-30','2004-12-15 23:38:29'),(17,'Sydney','Strosin','dweber@example.net','1985-04-29','2010-08-07 11:50:35'),(18,'Anne','Cremin','fritz.schmitt@example.com','1976-02-15','1980-03-25 08:29:41'),(19,'Norberto','Bergnaum','franecki.javon@example.net','1971-03-11','1993-03-21 02:36:25'),(20,'Arvid','Johns','pschultz@example.org','2016-01-03','1995-04-30 20:07:15'),(21,'Bernita','Fay','arne96@example.org','1983-12-26','1987-02-23 19:55:28'),(22,'Gonzalo','Gorczany','velma.huels@example.com','1987-10-19','2016-10-18 22:25:46'),(23,'Jackie','Klein','gretchen.howe@example.com','1971-01-20','2010-11-16 05:58:05'),(24,'Andrew','Kessler','collins.faye@example.org','1984-08-07','1971-12-15 11:46:42'),(25,'Claire','Hudson','madalyn.wunsch@example.org','1984-12-19','1991-07-04 18:35:53'),(26,'Prudence','Runte','koch.laurie@example.net','2008-12-27','1985-09-30 07:57:55'),(27,'Destinee','Romaguera','tromp.tiffany@example.com','1978-11-09','1997-11-09 22:58:08'),(28,'Marianna','Harvey','clovis.schuppe@example.com','2013-08-28','1990-08-06 22:29:19'),(29,'Eloy','Lakin','wmorissette@example.net','1989-12-08','1974-03-16 05:21:16'),(30,'Rubie','McClure','haley.louisa@example.net','1987-09-12','1998-07-02 13:45:36'),(31,'Marisa','Stracke','zachary76@example.org','1975-05-28','1975-03-19 03:57:35'),(32,'Jacey','Beatty','dahlia.hermann@example.org','1979-12-17','1971-01-21 19:50:58'),(33,'Idella','Ruecker','elda.reichert@example.com','2009-09-15','1996-04-20 01:27:31'),(34,'Dimitri','Bednar','freida.parker@example.org','1998-12-02','2008-12-31 01:29:57'),(35,'Elfrieda','Smitham','padberg.rex@example.org','2018-07-23','1972-04-01 10:52:25'),(36,'Dwight','Walter','gmosciski@example.org','2016-08-15','1994-07-02 14:06:55'),(37,'Macie','Fay','uschuppe@example.net','1976-01-29','2005-12-13 21:44:46'),(38,'Lori','Kshlerin','mhansen@example.net','1983-04-08','1986-01-18 19:03:52'),(39,'Jeffry','Paucek','alisha35@example.net','2002-10-02','2004-03-29 10:06:03'),(40,'Yvonne','Bernhard','jaqueline21@example.net','2017-11-04','1986-12-16 02:55:23'),(41,'Ludwig','Heathcote','marcelino.kirlin@example.org','1981-02-09','2000-08-02 23:45:48'),(42,'Jadyn','Wiegand','georgianna.swift@example.net','1982-06-16','1980-12-05 16:09:37'),(43,'Ferne','Smitham','melany22@example.com','1996-12-17','1984-11-18 22:26:27'),(44,'Meta','Corkery','xharber@example.com','1972-03-31','2007-01-20 03:07:31'),(45,'Toni','Wolf','wyman.crystal@example.org','2012-04-15','1973-06-22 15:14:37'),(46,'Zack','Luettgen','deion.konopelski@example.org','2003-05-29','2018-11-19 08:03:21'),(47,'Kameron','Dietrich','ronaldo.torphy@example.com','1973-05-20','1974-09-16 23:27:17'),(48,'Zetta','Lebsack','timmothy.vandervort@example.com','1996-11-04','2001-03-06 04:33:01'),(49,'Benny','Hane','leone.lueilwitz@example.net','2008-02-02','2006-01-28 01:12:39'),(50,'Evans','Gleason','ccummerata@example.org','1999-09-09','1990-09-26 20:50:11');
/*!40000 ALTER TABLE `authors` ENABLE KEYS */;
UNLOCK TABLES;

--
-- Table structure for table `cli_servicios`
--

DROP TABLE IF EXISTS `cli_servicios`;
/*!40101 SET @saved_cs_client     = @@character_set_client */;
/*!40101 SET character_set_client = utf8 */;
CREATE TABLE `cli_servicios` (
  `id` int(11) NOT NULL AUTO_INCREMENT,
  `id_cliente` int(11) NOT NULL,
  `fecha` date DEFAULT NULL,
  PRIMARY KEY (`id`)
) ENGINE=InnoDB AUTO_INCREMENT=6 DEFAULT CHARSET=utf8 COLLATE=utf8_unicode_ci;
/*!40101 SET character_set_client = @saved_cs_client */;

--
-- Dumping data for table `cli_servicios`
--

LOCK TABLES `cli_servicios` WRITE;
/*!40000 ALTER TABLE `cli_servicios` DISABLE KEYS */;
INSERT INTO `cli_servicios` VALUES (1,71,NULL),(2,53,'2019-07-01'),(3,181,'2019-07-01'),(4,91,'2019-07-01'),(5,501,'2019-07-01');
/*!40000 ALTER TABLE `cli_servicios` ENABLE KEYS */;
UNLOCK TABLES;

--
-- Table structure for table `cli_servicios_detalle`
--

DROP TABLE IF EXISTS `cli_servicios_detalle`;
/*!40101 SET @saved_cs_client     = @@character_set_client */;
/*!40101 SET character_set_client = utf8 */;
CREATE TABLE `cli_servicios_detalle` (
  `id` int(11) NOT NULL AUTO_INCREMENT,
  `id_cli_servicios` int(11) NOT NULL,
  `id_servicio` int(11) NOT NULL,
  `precio` decimal(5,2) DEFAULT NULL,
  `cantidad` int(11) DEFAULT NULL,
  `descripcion` varchar(250) COLLATE utf8_unicode_ci DEFAULT NULL,
  PRIMARY KEY (`id`)
) ENGINE=InnoDB AUTO_INCREMENT=7 DEFAULT CHARSET=utf8 COLLATE=utf8_unicode_ci;
/*!40101 SET character_set_client = @saved_cs_client */;

--
-- Dumping data for table `cli_servicios_detalle`
--

LOCK TABLES `cli_servicios_detalle` WRITE;
/*!40000 ALTER TABLE `cli_servicios_detalle` DISABLE KEYS */;
INSERT INTO `cli_servicios_detalle` VALUES (1,3,1,150.00,1,'Prueba a ver sin funciona'),(2,4,2,190.00,3,'Otro prueba mas'),(3,4,3,330.00,4,'Prueba de formateo'),(4,4,4,900.00,1,'red'),(5,5,1,159.00,1,'a1'),(6,5,4,900.00,6,'a2');
/*!40000 ALTER TABLE `cli_servicios_detalle` ENABLE KEYS */;
UNLOCK TABLES;

--
-- Table structure for table `cliente_servicios`
--

DROP TABLE IF EXISTS `cliente_servicios`;
/*!40101 SET @saved_cs_client     = @@character_set_client */;
/*!40101 SET character_set_client = utf8 */;
CREATE TABLE `cliente_servicios` (
  `id` int(11) NOT NULL AUTO_INCREMENT,
  `id_cliente` int(11) NOT NULL,
  `id_servicio` int(11) NOT NULL,
  `fecha` date DEFAULT NULL,
  `precio` decimal(5,2) DEFAULT NULL,
  `cantidad` int(11) DEFAULT NULL,
  `descripcion` varchar(250) COLLATE utf8_unicode_ci DEFAULT NULL,
  PRIMARY KEY (`id`)
) ENGINE=InnoDB AUTO_INCREMENT=75 DEFAULT CHARSET=utf8 COLLATE=utf8_unicode_ci;
/*!40101 SET character_set_client = @saved_cs_client */;

--
-- Dumping data for table `cliente_servicios`
--

LOCK TABLES `cliente_servicios` WRITE;
/*!40000 ALTER TABLE `cliente_servicios` DISABLE KEYS */;
INSERT INTO `cliente_servicios` VALUES (1,1,1,'2019-06-04',300.00,1,'Prueba'),(2,1,1,'2019-06-13',300.00,1,'Prueba'),(3,1,1,'0000-00-00',300.00,1,'Prueba'),(4,1,1,'0000-00-00',300.00,1,'Prueba'),(5,1,1,'2019-06-08',300.00,1,'Prueba'),(6,1,3,'2019-06-08',300.00,2,'Prueba'),(7,1,1,'2019-06-04',300.00,3,'prueba 2'),(8,1,4,'2019-06-24',300.00,1,'prueba 3'),(9,1,1,'2019-06-04',300.00,3,'prueba 2'),(10,1,4,'2019-06-24',300.00,1,'prueba 3'),(11,1,3,'2019-06-25',300.00,2,''),(12,1,1,'2019-06-25',300.00,2,''),(13,1,2,'2019-06-25',300.00,3,''),(14,1,3,'2019-06-25',300.00,3,''),(15,1,1,'2019-06-25',300.00,2,''),(16,1,2,'2019-06-25',300.00,3,''),(17,1,3,'2019-06-25',300.00,3,''),(18,1,1,'2019-06-25',150.00,2,'jjjjjj'),(19,1,2,'2019-06-25',190.00,3,'oooo'),(20,1,2,'2019-06-25',190.00,3,'oooo'),(21,1,1,'2019-06-25',150.00,1,''),(22,1,3,'2019-06-25',330.00,1,''),(23,215,2,NULL,190.00,1,''),(24,0,4,'2019-06-25',900.00,2,''),(25,351,1,'2019-06-25',150.00,2,'Se instalo windows'),(26,351,2,'2019-06-25',190.00,1,'Se limpio con aire comprimido'),(27,134,2,'2019-06-25',193.00,2,'Codigo de pruebsaaassssdd jekjfekjrtklvjrkjrkbjrbkjrtbktrjbktjbktrbnnnn'),(28,231,1,'2019-06-25',150.00,1,'Se instalo el SO windows 7'),(29,231,1,'2019-06-25',150.00,1,'Se instalo el SO windows 7'),(30,71,1,'2019-06-25',150.00,1,''),(31,71,1,'2019-06-25',150.00,1,''),(32,406,3,'2019-06-25',330.00,2,'Con la propiedad text del option seleccionado.  En tu código estás accediendo al valor de la opción seleccionada a través de la propiedad value. De igual forma a través de la propiedad text puedes acceder al texto de la opcion:'),(33,87,1,'2019-06-25',150.00,2,''),(34,87,1,'2019-06-25',150.00,2,''),(35,87,1,'2019-06-25',150.00,2,''),(36,87,-1,'2019-06-25',0.00,1,''),(37,87,1,'2019-06-25',150.00,2,''),(38,87,-1,'2019-06-25',0.00,1,''),(39,0,1,'2019-06-30',4.00,8,''),(40,0,1,'2019-06-30',150.00,3,''),(41,0,3,'2019-06-30',330.00,2,''),(42,0,1,'2019-06-30',150.00,2,''),(43,0,1,'2019-06-30',150.00,7,'Prueba de nueva vista'),(44,408,3,'2019-06-30',330.00,2,'Se formatearon 3 PC con windows 7'),(45,408,2,'2019-06-30',190.00,1,''),(46,408,2,'2019-06-30',190.00,1,''),(47,408,-1,'2019-06-30',0.00,1,''),(48,0,-1,'2019-06-30',0.00,1,''),(49,305,3,'2019-06-30',330.00,2,''),(50,305,-1,'2019-06-30',0.00,1,''),(51,305,-1,'2019-06-30',0.00,1,''),(52,0,1,'2019-06-30',150.00,1,'Otra prueba'),(53,53,2,'2019-06-30',190.00,1,''),(54,87,1,'2019-06-30',150.00,1,''),(55,181,4,'2019-06-30',900.00,1,''),(56,134,4,'2019-06-30',900.00,1,''),(57,134,3,'2019-06-30',330.00,1,''),(58,181,3,'2019-06-30',330.00,1,''),(59,0,3,'2019-06-30',330.00,1,''),(60,0,4,'2019-06-30',900.00,1,''),(61,0,3,'2019-06-30',330.00,1,''),(62,0,3,'2019-06-30',330.00,1,''),(63,0,4,'2019-06-30',900.00,1,''),(64,0,2,'2019-06-30',190.00,1,''),(65,0,2,'2019-06-20',190.00,5,''),(66,123,2,'2019-06-30',190.00,6,''),(67,123,2,'2019-06-30',190.00,6,''),(68,0,1,'2019-07-01',150.00,1,''),(69,0,1,'2019-07-01',150.00,1,''),(70,370,1,'2019-07-01',150.00,1,''),(71,370,1,'2019-07-01',150.00,1,''),(72,71,2,'2019-07-01',190.00,1,''),(73,71,2,'2019-07-01',190.00,1,''),(74,53,1,'2019-07-01',150.00,1,'');
/*!40000 ALTER TABLE `cliente_servicios` ENABLE KEYS */;
UNLOCK TABLES;

--
-- Table structure for table `clientes`
--

DROP TABLE IF EXISTS `clientes`;
/*!40101 SET @saved_cs_client     = @@character_set_client */;
/*!40101 SET character_set_client = utf8 */;
CREATE TABLE `clientes` (
  `id` int(11) NOT NULL AUTO_INCREMENT,
  `codigo` varchar(20) COLLATE utf8_unicode_ci DEFAULT NULL,
  `nombres` varchar(250) COLLATE utf8_unicode_ci NOT NULL,
  `apellidos` varchar(250) COLLATE utf8_unicode_ci DEFAULT NULL,
  `dni` varchar(20) COLLATE utf8_unicode_ci NOT NULL,
  `email` varchar(250) COLLATE utf8_unicode_ci DEFAULT NULL,
  `celular` varchar(20) COLLATE utf8_unicode_ci DEFAULT NULL,
  PRIMARY KEY (`id`)
) ENGINE=InnoDB AUTO_INCREMENT=527 DEFAULT CHARSET=utf8 COLLATE=utf8_unicode_ci;
/*!40101 SET character_set_client = @saved_cs_client */;

--
-- Dumping data for table `clientes`
--

LOCK TABLES `clientes` WRITE;
/*!40000 ALTER TABLE `clientes` DISABLE KEYS */;
INSERT INTO `clientes` VALUES (1,'c0001','elizabeth lourdes','sabchez acero','04959586','elisanchez12@hotmail.com','953458567'),(2,'c0002','elizabeth','sabchez acero','04959586','elisanchez12@hotmail.com','953458567'),(3,'c0003','elizabeth','paredes mendez','04959586','elisanchez12@hotmail.com','953458567'),(4,'c0004','fabia hilda','aymer perez','04959586','elisanchez12@hotmail.com','953458567'),(5,'c0005','jose','perez palaez','04959586','elisanchez12@hotmail.com','953458567'),(6,'c0006','carla','bustamente caceres','04959586','elisanchez12@hotmail.com','953458567'),(7,'c0007','veronica','sabchez acero','04959586','elisanchez12@hotmail.com','953458567'),(8,'c0008','melisa','grondona arias','04959586','elisanchez12@hotmail.com','953458567'),(9,'c0009','juan','perez portugal','04959586','elisanchez12@hotmal.com','953458567'),(10,'c0010','monica','saurez lopez','04959586','elisanchez12@hotmail.com','953458567'),(11,'c0011','felipe','acero manrique','04959586','elisanchez12@hotmail.com','953458567'),(12,'c0012','carlos','rojas arias','04959586','elisanchez12@hotmail.com','953458567'),(13,'c0013','miguel','gonzales acero','04959586','elisanchez12@hotmail.com','953458567'),(14,'c0014','juan','martinez acero','04959586','elisanchez12@hotmail.com','953458567'),(15,'C0015','yony brondy','mamani fuentes','45454545','yonybrondy17@gmail.com','934343322'),(16,'C0016','juan miguel','casas gutierrez','45454545','juan@gmail.com','934343322'),(17,'C0017','carlos','casa manchego','45454545','carlos@gmail.com','934343322'),(18,'C0018','adolfo','gutierrez caceres','45454545','adolfo@gmail.com','934343322'),(19,'C0019','luis carlos','casas gutierrez','45454545','lusica12@gmail.com','934343322'),(20,'C0020','juio','melendez  arapa','45454545','juliom12@gmail.com','934343322'),(21,'C0021','jose','arana lopez','45454545','josearana13@gmail.com','934343322'),(22,'C0022','felipe','caicedo morado','45454545','felipe1290@gmail.com','934343322'),(23,'C0023','fernando','tojas cahuana','45454545','tojasfernando2015@gmail.com','934343322'),(24,'C0024','harry','zapata sanchez','45454545','ZapataSanchez12@gmail.com','934343322'),(25,'C0025','melissa','medina chacon','45454545','melissa16_11@gmail.com','934343322'),(26,NULL,'CAPUTO ANGEL ALFONSO',NULL,'12232924',NULL,NULL),(27,NULL,'ARAMAYO CARLOS ARIEL',NULL,'26741199',NULL,NULL),(28,NULL,'ROMERO LEONARDO EXEQUIEL DEL VALLE',NULL,'37501253',NULL,NULL),(29,NULL,'VEGA MANUEL DANTE',NULL,'28499323',NULL,NULL),(30,NULL,'RUIZ EDUARDO SEGUNDO',NULL,'30907455',NULL,NULL),(31,NULL,'SERRANO JUAN MARCELO',NULL,'31870182',NULL,NULL),(32,NULL,'DELGADO JOSE ROBERTO',NULL,'12134910',NULL,NULL),(33,NULL,'KERN CARLOS',NULL,'110275',NULL,NULL),(34,NULL,'HOURCADE ALEJANDRO',NULL,'32460076',NULL,NULL),(35,NULL,'PIEYRO RICARDO ENRIQUE',NULL,'131359',NULL,NULL),(36,NULL,'VOLOJ BENAMI',NULL,'131585',NULL,NULL),(37,NULL,'RODRIGUEZ ALEJANDRO BALDOMERO',NULL,'133348',NULL,NULL),(38,NULL,'LUQUI CARLOS ALFONSO',NULL,'135377',NULL,NULL),(39,NULL,'CASEY JORGE MARTIN',NULL,'135630',NULL,NULL),(40,NULL,'BARROS OSCAR MARINO',NULL,'141731',NULL,NULL),(41,NULL,'ROSS SERGIO EDUARDO',NULL,'32626203',NULL,NULL),(42,NULL,'BOERI NICOLAS',NULL,'32460937',NULL,NULL),(43,NULL,'MORENO RICARDO VICENTE AGAPITO',NULL,'148189',NULL,NULL),(44,NULL,'LARA JONATAN JOSE',NULL,'33149094',NULL,NULL),(45,NULL,'GONZALEZ MIGUEL ANTONIO',NULL,'150473',NULL,NULL),(46,NULL,'DOMATO JOSE',NULL,'154192',NULL,NULL),(47,NULL,'CANTOS DANIEL ANTONIO',NULL,'29289335',NULL,NULL),(48,NULL,'CAMPOS SAMUEL ALBERTO',NULL,'34357328',NULL,NULL),(49,NULL,'GIGLI MARTIN',NULL,'34132922',NULL,NULL),(50,NULL,'ALBORNOZ PEDRO PABLO',NULL,'30260342',NULL,NULL),(51,NULL,'BARRERAS JAVIER MARCELO',NULL,'31487471',NULL,NULL),(52,NULL,'CASTILLO ROBERTO RICARDO',NULL,'29941367',NULL,NULL),(53,NULL,'JIMENEZ ALFREDO MARTIN',NULL,'34281385',NULL,NULL),(54,NULL,'CORTEZ GUSTAVO MAXIMILIANO',NULL,'29997897',NULL,NULL),(55,NULL,'ALBORNOZ HECTOR HORACIO',NULL,'22031695',NULL,NULL),(56,NULL,'ROSEMBERG NATALIO',NULL,'246520',NULL,NULL),(57,NULL,'DELLEPIANE CARLOS EDUARDO',NULL,'247122',NULL,NULL),(58,NULL,'LOPEZ HECTOR RUBEN',NULL,'13175963',NULL,NULL),(59,NULL,'KATZ MIGUEL',NULL,'259490',NULL,NULL),(60,NULL,'NIEVA RAMON R.',NULL,'259644',NULL,NULL),(61,NULL,'FAJARDI JUAN ADRIAN',NULL,'30998700',NULL,NULL),(62,NULL,'AGUIRRE ANDRES JESUS',NULL,'32971562',NULL,NULL),(63,NULL,'MALDONADO JOSE ANIBAL',NULL,'270682',NULL,NULL),(64,NULL,'ORDOEZ SERGIO ANTONIO',NULL,'23056139',NULL,NULL),(65,NULL,'MARTINEZ JESUS',NULL,'34281807',NULL,NULL),(66,NULL,'SANDOVAL FRANCISCO ANTONIO',NULL,'28038067',NULL,NULL),(67,NULL,'ROMERO OSCAR M.',NULL,'363649',NULL,NULL),(68,NULL,'RIVAS JUAN J.',NULL,'370050',NULL,NULL),(69,NULL,'NEUFELD ENRIQUE PEDRO',NULL,'372176',NULL,NULL),(70,NULL,'PEREZ VICTOR EMILIO',NULL,'27610015',NULL,NULL),(71,NULL,'AZARETZKY JORGE MANUEL',NULL,'8573057',NULL,NULL),(72,NULL,'PEDROSA PAULINO',NULL,'378522',NULL,NULL),(73,NULL,'OLIVERA ROBERTO FERNANDO',NULL,'380050',NULL,NULL),(74,NULL,'FERNANDEZ DANIEL MARCELINO',NULL,'384651',NULL,NULL),(75,NULL,'GALVAN PEDRO ALEJANDRO',NULL,'22429492',NULL,NULL),(76,NULL,'VEGA JOSE DEL CARMEN',NULL,'389195',NULL,NULL),(77,NULL,'GARCIA JOSE ALBERTO',NULL,'13960533',NULL,NULL),(78,NULL,'SAMCINI ABDON',NULL,'391524',NULL,NULL),(79,NULL,'CANCINO JUAN PABLO',NULL,'31312115',NULL,NULL),(80,NULL,'PETRACCA ANTONIO',NULL,'395274',NULL,NULL),(81,NULL,'ANTA JOAQUIN CASIMIRO',NULL,'396570',NULL,NULL),(82,NULL,'BLUMENFELD DAVID',NULL,'400831',NULL,NULL),(83,NULL,'PEROTTI FLOREAL ALBERTO',NULL,'401870',NULL,NULL),(84,NULL,'PARENTI ROBERTO ANGEL',NULL,'404868',NULL,NULL),(85,NULL,'RODRIGUEZ PEDRO',NULL,'408058',NULL,NULL),(86,NULL,'GROLLIMON JUAN ERNESTO',NULL,'411850',NULL,NULL),(87,NULL,'ALVAREZ JUAN E.',NULL,'416878',NULL,NULL),(88,NULL,'CAPALDO MATIAS EXEQUIEL',NULL,'30443702',NULL,NULL),(89,NULL,'VERA PABLO GONZALO',NULL,'30770923',NULL,NULL),(90,NULL,'ORTELLI AMERICO',NULL,'423323',NULL,NULL),(91,NULL,'AIRAS PABLO FRANCISCO',NULL,'423532',NULL,NULL),(92,NULL,'KELLY CARLOS ALBERTO H',NULL,'426829',NULL,NULL),(93,NULL,'PRIETO JOSE VALENTIN',NULL,'427794',NULL,NULL),(94,NULL,'VERNANCHET CESAR DANIEL',NULL,'34953018',NULL,NULL),(95,NULL,'FERNANDEZ JOSE I.',NULL,'432713',NULL,NULL),(96,NULL,'SGANDURRA VICENTE',NULL,'433463',NULL,NULL),(97,NULL,'GAMBANDE VICENTE',NULL,'434551',NULL,NULL),(98,NULL,'DE ANTON PEDRO ANTONIO',NULL,'434786',NULL,NULL),(99,NULL,'VILTEZ LUIS RAUL',NULL,'35523093',NULL,NULL),(100,NULL,'ENFEDAQUE MODESTO',NULL,'445240',NULL,NULL),(101,NULL,'GARCIA HECTOR LUIS',NULL,'33697484',NULL,NULL),(102,NULL,'CASTILLO ELIO RODRIGO',NULL,'33823759',NULL,NULL),(103,NULL,'GONZALEZ ALBERTO ANTONIO',NULL,'30497208',NULL,NULL),(104,NULL,'MUOZ JUAN FELIX',NULL,'533540',NULL,NULL),(105,NULL,'BLAISTEN RAUL JACOBO',NULL,'545700',NULL,NULL),(106,NULL,'TERAN HECTOR RENE',NULL,'559622',NULL,NULL),(107,NULL,'AYBAR FELIPE IGNACIO',NULL,'31506393',NULL,NULL),(108,NULL,'DANIEL MIGUEL LUIS',NULL,'567619',NULL,NULL),(109,NULL,'DIAZ JOSE CRISTIAN EDUARDO',NULL,'33978464',NULL,NULL),(110,NULL,'CASAL HECTOR C.',NULL,'569430',NULL,NULL),(111,NULL,'CANZONIERI CONRADO JUAN',NULL,'569850',NULL,NULL),(112,NULL,'CASIANO RAFAEL',NULL,'571333',NULL,NULL),(113,NULL,'COSENTINO QUIROGA DAMIAN ERNESTO',NULL,'29951063',NULL,NULL),(114,NULL,'HERMOSILLA PABLO ELIAS',NULL,'30436569',NULL,NULL),(115,NULL,'PONCE JORGE ANTONIO',NULL,'30766951',NULL,NULL),(116,NULL,'FRANCHINI JORGE LUIS',NULL,'576167',NULL,NULL),(117,NULL,'VERESI ALEJANDRO',NULL,'584878',NULL,NULL),(118,NULL,'VIALS JUAN MANUEL',NULL,'588921',NULL,NULL),(119,NULL,'SHEHADI AMADO',NULL,'595199',NULL,NULL),(120,NULL,'SOTO NICOLAS',NULL,'597206',NULL,NULL),(121,NULL,'ZAPATA PRINGLES DOMINGO',NULL,'597517',NULL,NULL),(122,NULL,'BENMUYAL JOSE',NULL,'598067',NULL,NULL),(123,NULL,'AGUIRRE JORGE ESTEBAN',NULL,'29541202',NULL,NULL),(124,NULL,'ORRILLO MIGUEL EDUARDO',NULL,'30906923',NULL,NULL),(125,NULL,'GALLO DELFOR SEBASTIAN',NULL,'641178',NULL,NULL),(126,NULL,'PEREYRA PABLO ALEJANDRO',NULL,'32651640',NULL,NULL),(127,NULL,'SUELDO LUIS BERNARDO',NULL,'28883154',NULL,NULL),(128,NULL,'DE IEBRA AMERICO',NULL,'646310',NULL,NULL),(129,NULL,'MOYANO RICARDO GABRIEL',NULL,'31487526',NULL,NULL),(130,NULL,'ALFARO MAURICIO IVAN',NULL,'30998725',NULL,NULL),(131,NULL,'MACIAS JOSE ALFREDO',NULL,'27646576',NULL,NULL),(132,NULL,'SORAIRE ADRIAN DARIO',NULL,'30442530',NULL,NULL),(133,NULL,'FLORELLA VICENTE TOMAS',NULL,'696007',NULL,NULL),(134,NULL,'AGUERO GUSTAVO ALEJANDRO',NULL,'26981201',NULL,NULL),(135,NULL,'FLEISCHMACHER ABRAHAM ALBERTO',NULL,'709091',NULL,NULL),(136,NULL,'MONTIVERO BERNARDO A.',NULL,'711302',NULL,NULL),(137,NULL,'SOLANAS EDUARDO JOSE',NULL,'716310',NULL,NULL),(138,NULL,'PACHECO SIXTO SEGUNDO',NULL,'8051350',NULL,NULL),(139,NULL,'FERREYRA JOSE MARTIN',NULL,'32460921',NULL,NULL),(140,NULL,'DEL CAMPO LUIS EXEQUIEL',NULL,'33430299',NULL,NULL),(141,NULL,'TABOADA MARTIN RICARDO',NULL,'857087',NULL,NULL),(142,NULL,'ALBAIL FORTUNATO',NULL,'866728',NULL,NULL),(143,NULL,'CLAVIN LUIS JUAN',NULL,'868181',NULL,NULL),(144,NULL,'MORENO EDUARDO OSCAR',NULL,'870088',NULL,NULL),(145,NULL,'BARRIONUEVO LUIS',NULL,'873296',NULL,NULL),(146,NULL,'GOYHENECHE VICTOR J.',NULL,'873371',NULL,NULL),(147,NULL,'TREJO MAURICIO GUILLERMO',NULL,'30722704',NULL,NULL),(148,NULL,'CERRUTTI MARIO',NULL,'947173',NULL,NULL),(149,NULL,'JUAREZ SERGIO ALBERTO',NULL,'21811885',NULL,NULL),(150,NULL,'SOCOLSKY HERMINDO',NULL,'1013211',NULL,NULL),(151,NULL,'VILLALBA JOSE MIGUEL',NULL,'33973596',NULL,NULL),(152,NULL,'ZUNINO HECTOR',NULL,'1023095',NULL,NULL),(153,NULL,'BUSTOS ROBERTO BENJAMIN',NULL,'24622928',NULL,NULL),(154,NULL,'URQUIZA CRISTIAN ORLANDO',NULL,'29744403',NULL,NULL),(155,NULL,'RIVERO DANTE MAXIMILIANO',NULL,'32109633',NULL,NULL),(156,NULL,'BRITO CARLOS ARMANDO',NULL,'10659075',NULL,NULL),(157,NULL,'PEREZ ENZO DANIEL',NULL,'30807055',NULL,NULL),(158,NULL,'VILLARREAL PEDRO SERAFIN',NULL,'25460972',NULL,NULL),(159,NULL,'BAGAGLIO HECTOR',NULL,'1137072',NULL,NULL),(160,NULL,'COMAN MARIO ORLANDO',NULL,'38348259',NULL,NULL),(161,NULL,'DIP MARIANO MAURO SUHEL',NULL,'33971074',NULL,NULL),(162,NULL,'CARBALLO RICARDO',NULL,'1223029',NULL,NULL),(163,NULL,'VILLAFAE JOSE EMILIO',NULL,'32283456',NULL,NULL),(164,NULL,'GARCIA JUAN MANUEL',NULL,'18873421',NULL,NULL),(165,NULL,'MORALES NEMESIO ANGEL ANTONIO',NULL,'8091623',NULL,NULL),(166,NULL,'YOVE JULIO ARGENTINO',NULL,'1299345',NULL,NULL),(167,NULL,'VEGA MIGUEL ARTURO',NULL,'1304298',NULL,NULL),(168,NULL,'CEVILAN NESTOR EGIDIO',NULL,'23128007',NULL,NULL),(169,NULL,'ARISTOY CARLOS RODOLFO',NULL,'1307119',NULL,NULL),(170,NULL,'BASCO AMEGHINO',NULL,'1310942',NULL,NULL),(171,NULL,'COCIMANO JOSE MARIA',NULL,'25542334',NULL,NULL),(172,NULL,'COSTERG CARLOS',NULL,'1357090',NULL,NULL),(173,NULL,'COBRAN WENCESLAO CASIMIRO',NULL,'1369271',NULL,NULL),(174,NULL,'AVILA ANGEL ANTONIO',NULL,'23038441',NULL,NULL),(175,NULL,'MARQUEZ ANTONIO ARNALDO',NULL,'1387095',NULL,NULL),(176,NULL,'PEREZ AURIBAL SERGIO',NULL,'1481895',NULL,NULL),(177,NULL,'BARRIONUEVO MANUEL A.',NULL,'1493369',NULL,NULL),(178,NULL,'MIRANDA LUIS RICARDO',NULL,'32829094',NULL,NULL),(179,NULL,'ERIMBAUE AGUSTIN BERNABE',NULL,'37457297',NULL,NULL),(180,NULL,'GONZALEZ MIGUEL ANTONIO',NULL,'27255945',NULL,NULL),(181,NULL,'KOLLENBERGER ENRIQUE VICTOR',NULL,'1516852',NULL,NULL),(182,NULL,'VALENTINI FERNANDO ITALO',NULL,'13104305',NULL,NULL),(183,NULL,'CAMILLETTI VICTORIO',NULL,'1580279',NULL,NULL),(184,NULL,'ROLDAN JULIO MARIO',NULL,'1582307',NULL,NULL),(185,NULL,'GONZALEZ FELIX MARIO',NULL,'1635839',NULL,NULL),(186,NULL,'ALVAREZ SEBASTIAN ROBERTO',NULL,'29430692',NULL,NULL),(187,NULL,'MALDONADO JOSE M',NULL,'1642740',NULL,NULL),(188,NULL,'NIEVA JESUS SANTOS',NULL,'14788415',NULL,NULL),(189,NULL,'BARBERAN RAMON OSVALDO',NULL,'1650509',NULL,NULL),(190,NULL,'PARED FELIPE',NULL,'1653415',NULL,NULL),(191,NULL,'AQUINO VICENTE',NULL,'1659567',NULL,NULL),(192,NULL,'GONZALEZ DIEGO MARIANO',NULL,'33161659',NULL,NULL),(193,NULL,'SOLAIMAN LEONARDO DAVID',NULL,'35920208',NULL,NULL),(194,NULL,'GARNICA HERNAN EMANUEL',NULL,'35733193',NULL,NULL),(195,NULL,'ROITMAN LUIS',NULL,'1662070',NULL,NULL),(196,NULL,'BACH GERMAN ADOLFO',NULL,'31429938',NULL,NULL),(197,NULL,'GOMEZ ALBERTO LAUREANO',NULL,'1664236',NULL,NULL),(198,NULL,'APAS OVIEDO VICTORIANO',NULL,'1665804',NULL,NULL),(199,NULL,'VERARDI SANTIAGO',NULL,'1669632',NULL,NULL),(200,NULL,'SNEIDER JOSE',NULL,'1669655',NULL,NULL),(201,NULL,'DE MARTINI JUAN CARLOS',NULL,'1671167',NULL,NULL),(202,NULL,'MOLINA VICTOR EDUARDO',NULL,'35547901',NULL,NULL),(203,NULL,'GIOCONDO JUAN ANTONIO',NULL,'29533100',NULL,NULL),(204,NULL,'SALDAO CHRISTIAN MANUEL',NULL,'30497519',NULL,NULL),(205,NULL,'CARRAZANO NICOLAS MAURICIO',NULL,'36585299',NULL,NULL),(206,NULL,'NUEZ ALBERTO',NULL,'1674685',NULL,NULL),(207,NULL,'GALVAN RAMON ALBERTO',NULL,'20334637',NULL,NULL),(208,NULL,'NORIA GERARDO ROMAN',NULL,'34236349',NULL,NULL),(209,NULL,'RODRIGUEZ RAUL AUGUSTO',NULL,'1679918',NULL,NULL),(210,NULL,'GIMENEZ SEFERINO',NULL,'1715260',NULL,NULL),(211,NULL,'BIANCATO RENATO CARLOS',NULL,'1721689',NULL,NULL),(212,NULL,'RODRIGUEZ DANIEL ALEJANDRO',NULL,'34867755',NULL,NULL),(213,NULL,'PAZ JULIO FERNANDO',NULL,'1728694',NULL,NULL),(214,NULL,'PUENTE PABLO EDUARDO',NULL,'29997552',NULL,NULL),(215,NULL,'ABREGU ROQUE REINALDO',NULL,'23312180',NULL,NULL),(216,NULL,'PADILLA JOSE',NULL,'1735715',NULL,NULL),(217,NULL,'SIDAN WALTER RICARDO',NULL,'30759843',NULL,NULL),(218,NULL,'JUAREZ PABLO DANIEL',NULL,'31382218',NULL,NULL),(219,NULL,'TALLANTE CARLOS FRANCISCO',NULL,'1738002',NULL,NULL),(220,NULL,'SOLDA ORLANDO',NULL,'1738484',NULL,NULL),(221,NULL,'PEREZ PEDRO',NULL,'1738662',NULL,NULL),(222,NULL,'DIAZ ALBERTO AVELINO',NULL,'25446718',NULL,NULL),(223,NULL,'TREJO CARLOS JOSE',NULL,'1738859',NULL,NULL),(224,NULL,'MINIACI JUAN CARLOS',NULL,'1739395',NULL,NULL),(225,NULL,'CORREA HECTOR MARTIN',NULL,'1740113',NULL,NULL),(226,NULL,'ROCHA LUIS ALFREDO',NULL,'32110827',NULL,NULL),(227,NULL,'ROBLES BENJAMIN GREGORIO',NULL,'1743691',NULL,NULL),(228,NULL,'ORTIZ VICTOR HUGO',NULL,'35523201',NULL,NULL),(229,NULL,'LOPEZ SALVADOR A.',NULL,'1747470',NULL,NULL),(230,NULL,'DIAZ MIGUEL ANGEL',NULL,'29451078',NULL,NULL),(231,NULL,'ABRAHAM ANTONIO',NULL,'1783326',NULL,NULL),(232,NULL,'MEDINA DIEGO ENRIQUE',NULL,'29876986',NULL,NULL),(233,NULL,'HERRERA ANDRES MIGUEL',NULL,'33163744',NULL,NULL),(234,NULL,'DIAZ TOMAS RICARDO',NULL,'1801851',NULL,NULL),(235,NULL,'VALDEZ JUAN CARLOS',NULL,'8389514',NULL,NULL),(236,NULL,'GONZALEZ DANIEL ENRIQUE',NULL,'30496931',NULL,NULL),(237,NULL,'ROSENZVAIG LEON',NULL,'1812690',NULL,NULL),(238,NULL,'RIVADENEIRA RAUL EZEQUIEL',NULL,'31001194',NULL,NULL),(239,NULL,'SALLAN ALFREDO',NULL,'1815182',NULL,NULL),(240,NULL,'GARCIA ISAAC JOAQUIN',NULL,'1815270',NULL,NULL),(241,NULL,'GARCIA FRANCISCO J.',NULL,'1815271',NULL,NULL),(242,NULL,'GAO SAIZ ROGELIO T.',NULL,'1817143',NULL,NULL),(243,NULL,'MACOR LUIS E.',NULL,'1818660',NULL,NULL),(244,NULL,'BOBBA CARLOS HUMBERTO',NULL,'1819352',NULL,NULL),(245,NULL,'GIMENEZ EMILIO',NULL,'1823443',NULL,NULL),(246,NULL,'CORDERO JOSE PABLO',NULL,'35523583',NULL,NULL),(247,NULL,'CASTILLO LUIS RAMON',NULL,'27561655',NULL,NULL),(248,NULL,'CORREA HILARIO O.',NULL,'1882590',NULL,NULL),(249,NULL,'VASALLO CARLOS CANDIDO',NULL,'1882629',NULL,NULL),(250,NULL,'ETCHEGORRY FRANCISCO LUIS',NULL,'1888109',NULL,NULL),(251,NULL,'TEPER GREGORIO',NULL,'1897791',NULL,NULL),(252,NULL,'CINTO MARIO CONRADO',NULL,'1905673',NULL,NULL),(253,NULL,'LUCHINI ALDO FIDEL',NULL,'1910112',NULL,NULL),(254,NULL,'BRUCE ROBERTO',NULL,'1911821',NULL,NULL),(255,NULL,'ACHA CARLOS',NULL,'1914776',NULL,NULL),(256,NULL,'DURAND EDUARDO ALBERTO',NULL,'1923389',NULL,NULL),(257,NULL,'GONZALEZ FERNANDO S.',NULL,'1970793',NULL,NULL),(258,NULL,'CORBALAN ALBERTO ALEJANDRO',NULL,'35519170',NULL,NULL),(259,NULL,'HAEDO JOSE ANTONIO LUIS',NULL,'1982157',NULL,NULL),(260,NULL,'CACERES JESUS OCTAVIO',NULL,'14084111',NULL,NULL),(261,NULL,'ZALAZAR JUAN CARLOS',NULL,'1987733',NULL,NULL),(262,NULL,'ARAMAYO VICTOR MANUEL',NULL,'33755189',NULL,NULL),(263,NULL,'MILEGUIR BERNARDO',NULL,'1993490',NULL,NULL),(264,NULL,'NARANJO RUBEN ALBERTO',NULL,'26137621',NULL,NULL),(265,NULL,'RUIZ MAURICIO LEONARDO',NULL,'35484729',NULL,NULL),(266,NULL,'LEAL LUIS ALFREDO',NULL,'32286293',NULL,NULL),(267,NULL,'AREVALO DOMINGO ANTONIO',NULL,'29624674',NULL,NULL),(268,NULL,'LACUADRA EDUARDO',NULL,'2056911',NULL,NULL),(269,NULL,'RUIZ GUILLERMO AGUSTIN',NULL,'30987036',NULL,NULL),(270,NULL,'BEZERRA FERNANDO',NULL,'2075146',NULL,NULL),(271,NULL,'VARONA CARLOS JOSE',NULL,'2076646',NULL,NULL),(272,NULL,'GARNICA WALTER DANIEL',NULL,'29744145',NULL,NULL),(273,NULL,'SERRANO HECTOR DANIEL',NULL,'17301184',NULL,NULL),(274,NULL,'CABRERA FLAVIO ARIEL',NULL,'35522393',NULL,NULL),(275,NULL,'GALARZA JUAN MARCELO',NULL,'30260060',NULL,NULL),(276,NULL,'ARA VICEN FRANCISCO FELIX',NULL,'2087043',NULL,NULL),(277,NULL,'MOLINA WALTER GUSTAVO',NULL,'32416569',NULL,NULL),(278,NULL,'CASTEJON DANIEL',NULL,'2095249',NULL,NULL),(279,NULL,'CASTRO RENE ARMANDO',NULL,'31588306',NULL,NULL),(280,NULL,'CAMPOS DUCAR DONORSO',NULL,'2097963',NULL,NULL),(281,NULL,'RUBIO GINES ROBERTO',NULL,'28980036',NULL,NULL),(282,NULL,'ABREGU CRISTIAN FABIAN',NULL,'32200067',NULL,NULL),(283,NULL,'CATIVA SILVIO MAXIMILIANO',NULL,'32740119',NULL,NULL),(284,NULL,'SUAREZ ANGEL DAVID',NULL,'29745255',NULL,NULL),(285,NULL,'BRU PABLO ALEJANDRO',NULL,'31543697',NULL,NULL),(286,NULL,'LUQUE ROBUSTIANO',NULL,'2166186',NULL,NULL),(287,NULL,'FONTANARROSA HECTOR',NULL,'2166521',NULL,NULL),(288,NULL,'VOLEJ DAVID',NULL,'2172467',NULL,NULL),(289,NULL,'LEHMANN TEOFILO GUILLERMO',NULL,'2175981',NULL,NULL),(290,NULL,'ROCCHIA GUSTAVO ADOLFO',NULL,'29731808',NULL,NULL),(291,NULL,'GALARZA HECTOR HORACIO',NULL,'31269059',NULL,NULL),(292,NULL,'FONSECA ARTURO JOSE',NULL,'2178966',NULL,NULL),(293,NULL,'RENGEL FERNANDO',NULL,'32459560',NULL,NULL),(294,NULL,'GIRAUDO ROGELIO AUGUSTO',NULL,'2182460',NULL,NULL),(295,NULL,'FERULLO JOSE VICENTE',NULL,'2182462',NULL,NULL),(296,NULL,'FERNANDEZ JESUS EDUARDO',NULL,'29878090',NULL,NULL),(297,NULL,'ALDERETE GERMAN MANUEL',NULL,'29998983',NULL,NULL),(298,NULL,'RIOS MARCOS',NULL,'2188931',NULL,NULL),(299,NULL,'QUIROGA MARIO RAFAEL',NULL,'29310948',NULL,NULL),(300,NULL,'SALVIA VICENTE S.',NULL,'2192663',NULL,NULL),(301,NULL,'FRIAS ARSENIO ISIDORO',NULL,'14504187',NULL,NULL),(302,NULL,'SENAC ANGEL RAFAEL',NULL,'2193697',NULL,NULL),(303,NULL,'MASTROCOLA RAFAEL',NULL,'2195893',NULL,NULL),(304,NULL,'CRUSCO ALBERTO',NULL,'2200143',NULL,NULL),(305,NULL,'ALDERETE HECTOR FERNANDO',NULL,'34283361',NULL,NULL),(306,NULL,'HEREDIA HORACIO HUGO G.',NULL,'2202786',NULL,NULL),(307,NULL,'RESSI GASTON ABEL',NULL,'30998619',NULL,NULL),(308,NULL,'MOLINA JUAN ORLANDO',NULL,'23116417',NULL,NULL),(309,NULL,'WACHS EFRAIM',NULL,'2203411',NULL,NULL),(310,NULL,'ORTIZ PEDRO MATIAS',NULL,'32235253',NULL,NULL),(311,NULL,'CALVO BENIGNO',NULL,'2203902',NULL,NULL),(312,NULL,'SAVEDRA GASTON EZEQUIEL ALEJANDRO',NULL,'36231578',NULL,NULL),(313,NULL,'DIAZ MANUEL EDUARDO',NULL,'35548381',NULL,NULL),(314,NULL,'CARRANZA MANUEL ANTONIO',NULL,'30766987',NULL,NULL),(315,NULL,'CASTRO JOSE TRISTAN',NULL,'2247816',NULL,NULL),(316,NULL,'OTTA JOSE MIGUEL',NULL,'2251105',NULL,NULL),(317,NULL,'ELIAS JUAN VICTOR',NULL,'31128307',NULL,NULL),(318,NULL,'CUEBAS GERMAN',NULL,'2264597',NULL,NULL),(319,NULL,'DIAZ GUILLERMO EZEQUIEL',NULL,'33632408',NULL,NULL),(320,NULL,'JUAREZ MADRID ANDRES EDUARDO',NULL,'35484976',NULL,NULL),(321,NULL,'GARCIA ALBESA RODRIGO ALEJANDRO',NULL,'25801435',NULL,NULL),(322,NULL,'SALTOR FACUNDO GABRIEL',NULL,'35807380',NULL,NULL),(323,NULL,'LANE HERBERTO',NULL,'2304758',NULL,NULL),(324,NULL,'SUAREZ JUAN ARIEL',NULL,'31765779',NULL,NULL),(325,NULL,'CESTAC ALEJANDRO OSCAR',NULL,'2308403',NULL,NULL),(326,NULL,'ESPER AURELIO MIGUEL',NULL,'2311745',NULL,NULL),(327,NULL,'RUIZ MARCELO ENRIQUE',NULL,'28618241',NULL,NULL),(328,NULL,'MIERES CEFERINO ADRIANO',NULL,'2367581',NULL,NULL),(329,NULL,'CISNEROS MARCOS',NULL,'2369827',NULL,NULL),(330,NULL,'ZAGNI GILBERTO JUAN MARCELO',NULL,'2371197',NULL,NULL),(331,NULL,'GRONDA LUIS NATALIO',NULL,'2372079',NULL,NULL),(332,NULL,'CHESEAUX JUAN',NULL,'2372762',NULL,NULL),(333,NULL,'DIFIORI GUILLERMO FRANCISCO',NULL,'2375836',NULL,NULL),(334,NULL,'HERRERA RAMON RICARDO',NULL,'11185419',NULL,NULL),(335,NULL,'FERNANDEZ OVIDIO CESAR',NULL,'2379834',NULL,NULL),(336,NULL,'RIVERO FRANCO LUCIANO',NULL,'32116139',NULL,NULL),(337,NULL,'CASTILLO JUAN MANUEL',NULL,'31752775',NULL,NULL),(338,NULL,'JUAREZ ROBERTO',NULL,'2384663',NULL,NULL),(339,NULL,'BURGOS CLAUDIO SEBASTIAN',NULL,'32775421',NULL,NULL),(340,NULL,'FERNANDEZ FERNANDO JAVIER',NULL,'30240773',NULL,NULL),(341,NULL,'GUANCO JULIO ALBERTO',NULL,'31409845',NULL,NULL),(342,NULL,'ROCHMAN MANACE',NULL,'2388032',NULL,NULL),(343,NULL,'GONZALEZ JACOBO YOEL',NULL,'35808797',NULL,NULL),(344,NULL,'FERREYRA OSVALDO RUBEN',NULL,'26028541',NULL,NULL),(345,NULL,'JIMENEZ FRANCO EZEQUIEL',NULL,'34603505',NULL,NULL),(346,NULL,'MARIANO NICASIO',NULL,'2391391',NULL,NULL),(347,NULL,'OSCARI LUIS ADOLFO',NULL,'32110553',NULL,NULL),(348,NULL,'MAGALLANES FABRICIANO B.',NULL,'2392005',NULL,NULL),(349,NULL,'TOLOSA JULIO ANDRES',NULL,'2392580',NULL,NULL),(350,NULL,'NARANJO RUBEN DARIO',NULL,'31588214',NULL,NULL),(351,NULL,'BARRIONUEVO FERNANDO MIGUEL',NULL,'37455415',NULL,NULL),(352,NULL,'KRECZMAN JULIO R.O.',NULL,'2396090',NULL,NULL),(353,NULL,'JUAREZ JACINTO MARIO',NULL,'2396332',NULL,NULL),(354,NULL,'FIGUEROA HECTOR ANTONIO',NULL,'29810658',NULL,NULL),(355,NULL,'ZOIREFF MIGUEL',NULL,'2397881',NULL,NULL),(356,NULL,'BEVILACQUA HORACIO HUMBERTO',NULL,'2399781',NULL,NULL),(357,NULL,'ESCOBAR DIEGO ORLANDO',NULL,'32626739',NULL,NULL),(358,NULL,'LUNA PABLO MAXIMILIANO',NULL,'31770558',NULL,NULL),(359,NULL,'SORIA ALFREDO SEBASTIAN',NULL,'32493292',NULL,NULL),(360,NULL,'FELER LEON',NULL,'2434096',NULL,NULL),(361,NULL,'KOHAN HERMAN BERNARDO',NULL,'2434943',NULL,NULL),(362,NULL,'PARIZZI JUAN PABLO',NULL,'29666785',NULL,NULL),(363,NULL,'ALZOGARAY ANDRES SEBASTIAN',NULL,'30541053',NULL,NULL),(364,NULL,'GROSVALD SAMUEL',NULL,'2436792',NULL,NULL),(365,NULL,'CORIA CARLOS',NULL,'2437149',NULL,NULL),(366,NULL,'PRATS MATIAS EXEQUIEL',NULL,'31548833',NULL,NULL),(367,NULL,'GOMEZ ESTEBAN DAVID',NULL,'31043105',NULL,NULL),(368,NULL,'GONZALEZ ENZO FERNANDO',NULL,'30031448',NULL,NULL),(369,NULL,'OROO RAUL ARTURO',NULL,'2439401',NULL,NULL),(370,NULL,'BEKER ISAAC',NULL,'2441231',NULL,NULL),(371,NULL,'REILLY GRANT GUILLERMO PATRICIO',NULL,'22781001',NULL,NULL),(372,NULL,'RODRIGUEZ JULIO',NULL,'2444821',NULL,NULL),(373,NULL,'SILVA SERGIO ADRIAN',NULL,'27944036',NULL,NULL),(374,NULL,'ILLAN RICARDO GABRIEL',NULL,'31030482',NULL,NULL),(375,NULL,'RAJMIL ISAAC',NULL,'2448309',NULL,NULL),(376,NULL,'ROLON MARTINIANO',NULL,'2451278',NULL,NULL),(377,NULL,'GONZALEZ JULIO SEBASTIAN',NULL,'2452644',NULL,NULL),(378,NULL,'CRISPIN RICARDO',NULL,'2454085',NULL,NULL),(379,NULL,'VALDEZ MEIRA ADRIAN EDUARDO',NULL,'27751768',NULL,NULL),(380,NULL,'FERNANDEZ JOSE LUIS',NULL,'30539138',NULL,NULL),(381,NULL,'CANTERO LORENZO',NULL,'2495418',NULL,NULL),(382,NULL,'ROLDAN HIPOLITO',NULL,'2497216',NULL,NULL),(383,NULL,'BARRERA JESUS MATIAS',NULL,'35921738',NULL,NULL),(384,NULL,'CAMPISI JUAN DOMINGO',NULL,'8117439',NULL,NULL),(385,NULL,'PEREYRA ISMAEL MATIAS',NULL,'32401476',NULL,NULL),(386,NULL,'ASTIGARRAGA JOSE MELCHOR',NULL,'2521006',NULL,NULL),(387,NULL,'CHERAK SEGUISMUNDO',NULL,'2523795',NULL,NULL),(388,NULL,'NIEVA JULIO VICTOR',NULL,'2523995',NULL,NULL),(389,NULL,'ARNEDO NESTOR GERARDO',NULL,'33165347',NULL,NULL),(390,NULL,'MEDINA REY ESTEBAN',NULL,'17370492',NULL,NULL),(391,NULL,'LAVOLPE JOSE DIODATE',NULL,'2527954',NULL,NULL),(392,NULL,'ENCINA TOMAS SANTOS',NULL,'2531872',NULL,NULL),(393,NULL,'HERRERA GABRIEL LUIS',NULL,'26531514',NULL,NULL),(394,NULL,'VEGA LUIS HERNAN',NULL,'34356655',NULL,NULL),(395,NULL,'LENCINA HECTOR RODOLFO',NULL,'33541448',NULL,NULL),(396,NULL,'BARROS CRISTIAN RAUL',NULL,'34281835',NULL,NULL),(397,NULL,'LEGUIZAMON NICOLAS',NULL,'2589064',NULL,NULL),(398,NULL,'DIAZ PEDRO GREGORIO',NULL,'2598441',NULL,NULL),(399,NULL,'FERNANDEZ ISMAEL',NULL,'2610726',NULL,NULL),(400,NULL,'SCALORA BRUNO',NULL,'31588235',NULL,NULL),(401,NULL,'VAZQUEZ JUAN ALBERTO',NULL,'30299985',NULL,NULL),(402,NULL,'LUNA JOSE',NULL,'2631396',NULL,NULL),(403,NULL,'CORONEL ANDRES ANTONIO',NULL,'29456633',NULL,NULL),(404,NULL,'LEON ERNESTO URBANO',NULL,'2637193',NULL,NULL),(405,NULL,'UMBIDEZ JUAN CARLOS',NULL,'29706805',NULL,NULL),(406,NULL,'AVENDAO FAUSTINO',NULL,'2638818',NULL,NULL),(407,NULL,'CAMPERO CESAR JUAN',NULL,'30770787',NULL,NULL),(408,NULL,'FLORES MARIA JESUS',NULL,'2642610',NULL,NULL),(409,NULL,'ALMADA ISAIAS MARIA',NULL,'2644385',NULL,NULL),(410,NULL,'MOLINA ADELMO M.',NULL,'2645350',NULL,NULL),(411,NULL,'SANTILLAN GUSTAVO MARIANO',NULL,'29290477',NULL,NULL),(412,NULL,'FONTANA FELICIANO',NULL,'2646678',NULL,NULL),(413,NULL,'ROLDAN JUAN MARCELO',NULL,'30906702',NULL,NULL),(414,NULL,'MARTINEZ AQUILINO CAMILO',NULL,'2647410',NULL,NULL),(415,NULL,'MALDONADO EDGARDO ALEJANDRO',NULL,'35809519',NULL,NULL),(416,NULL,'FIGUEROA MEDARDO CERGIO',NULL,'2648540',NULL,NULL),(417,NULL,'LEAL LOBO LAURENCIO SIMON JOSE',NULL,'2649638',NULL,NULL),(418,NULL,'GARCIA FRANCISCO',NULL,'2651706',NULL,NULL),(419,NULL,'FERNANDEZ JUAN JOSE',NULL,'34764257',NULL,NULL),(420,NULL,'RAMON PABLO FRANCISCO',NULL,'20872664',NULL,NULL),(421,NULL,'AVILA JOSE MARIA',NULL,'33763312',NULL,NULL),(422,NULL,'GONZALEZ ROLANDO ALBERTO',NULL,'7694132',NULL,NULL),(423,NULL,'PARES PEDRO BERNARDO',NULL,'2693775',NULL,NULL),(424,NULL,'GLORIOSSO ANTONINO',NULL,'2694450',NULL,NULL),(425,NULL,'ESPIN EDUARDO',NULL,'2700428',NULL,NULL),(426,NULL,'MESTROCOLDI ROQUE',NULL,'2700884',NULL,NULL),(427,NULL,'LUDUEA JUAN AGUSTIN',NULL,'2701830',NULL,NULL),(428,NULL,'MENDEZ CESAR PATRICIO',NULL,'28292373',NULL,NULL),(429,NULL,'ROLDAN WALTER EFRAIN',NULL,'27964804',NULL,NULL),(430,NULL,'CRUZ JOSE AUDIN',NULL,'22611156',NULL,NULL),(431,NULL,'LESTARD RODOLFO JUAN',NULL,'2706745',NULL,NULL),(432,NULL,'FRIZZA ENRIQUE',NULL,'2707826',NULL,NULL),(433,NULL,'AGUERO GONZALO AUGUSTO',NULL,'31842315',NULL,NULL),(434,NULL,'CATA JOSE AUGUSTO',NULL,'29948902',NULL,NULL),(435,NULL,'PAGAN FERNANDO',NULL,'2716032',NULL,NULL),(436,NULL,'BIANCIOTTI ALEJANDRO',NULL,'2716048',NULL,NULL),(437,NULL,'LESTARD ALFREDO ARMANDO',NULL,'2716533',NULL,NULL),(438,NULL,'PAEZ HIPOLITO RAMON E',NULL,'2716627',NULL,NULL),(439,NULL,'LOBO FRANCO MATIAS',NULL,'35815285',NULL,NULL),(440,NULL,'PEALVA ORLANDO RAMON',NULL,'31903493',NULL,NULL),(441,NULL,'CORDOBA LEONARDO EMMANUEL',NULL,'33974966',NULL,NULL),(442,NULL,'SCHIRMER NICASIO ALFONSO',NULL,'2760490',NULL,NULL),(443,NULL,'HEREDIA ROSA AGUSTIN',NULL,'2761826',NULL,NULL),(444,NULL,'SALA JULIO CIRILO',NULL,'2763280',NULL,NULL),(445,NULL,'CALDERON NEMOROSO',NULL,'2763888',NULL,NULL),(446,NULL,'OPOVIN ERNESTO',NULL,'2767286',NULL,NULL),(447,NULL,'MEDINA MARCOS RODOLFO',NULL,'33703812',NULL,NULL),(448,NULL,'ACOSTA JUAN MANUEL',NULL,'2768437',NULL,NULL),(449,NULL,'LEIVA MARIO EXEQUIEL',NULL,'32167747',NULL,NULL),(450,'5555','SOLVER ROQUE Manuel','Manuel','2770974','uno@gmail.com','8988888'),(451,NULL,'DIAZ ANTONIO AGUSTIN',NULL,'35029635',NULL,NULL),(452,NULL,'QUIROGA TEOFILO',NULL,'2772765',NULL,NULL),(453,NULL,'ALTAMIRANO HECTOR',NULL,'2773002',NULL,NULL),(454,NULL,'HERRERA MANUEL',NULL,'2773341',NULL,NULL),(455,NULL,'GRAMAJO JAVIER MARTIN',NULL,'34067687',NULL,NULL),(456,NULL,'ARGAARAZ MARCELO DAVID',NULL,'30540386',NULL,NULL),(457,NULL,'LABORDA DELACROIX JOSE G.',NULL,'2775731',NULL,NULL),(458,NULL,'CASTEJON JUAN PABLO',NULL,'33971403',NULL,NULL),(459,NULL,'LLANES FRANCISCO ANTONIO',NULL,'2776107',NULL,NULL),(460,NULL,'AZUAGA RAFAEL JOSE',NULL,'2776174',NULL,NULL),(461,NULL,'FIGUEROA JUAN ALFREDO',NULL,'23799151',NULL,NULL),(462,NULL,'SARTORI BARTOLO ABDON',NULL,'2779133',NULL,NULL),(463,NULL,'FERREIRA VICTOR MANUEL',NULL,'2779341',NULL,NULL),(464,NULL,'TORRES SILVANO ANTONIO',NULL,'2780794',NULL,NULL),(465,NULL,'VARDIERO JUAN CARLOS',NULL,'2781624',NULL,NULL),(466,NULL,'YURQUINA RAUL MARCELO',NULL,'32248546',NULL,NULL),(467,NULL,'PINTOS JOSE HUMBERTO',NULL,'32749908',NULL,NULL),(468,NULL,'VAZQUEZ HECTOR RAUL',NULL,'2783017',NULL,NULL),(469,NULL,'ALTAMIRANO VALENTIN CECILIO',NULL,'2783525',NULL,NULL),(470,NULL,'BUSTOS JOSE MIGUEL',NULL,'32009641',NULL,NULL),(471,NULL,'GONZALEZ AUDELCARIN DE JESUS',NULL,'2783939',NULL,NULL),(472,NULL,'REQUENA PAULINO RAFAEL',NULL,'2784387',NULL,NULL),(473,NULL,'BARRIONUEVO ALFREDO MATIAS',NULL,'29338131',NULL,NULL),(474,NULL,'CHAYLE CARLOS RAMON',NULL,'2786576',NULL,NULL),(475,NULL,'LOBO CONRADO MATIAS',NULL,'37727024',NULL,NULL),(476,NULL,'ABACA GONZALO MARTIN',NULL,'35520811',NULL,NULL),(477,NULL,'SIDAN JULIO CESAR',NULL,'27951208',NULL,NULL),(478,NULL,'TORRES FAUSTINO SANTOS',NULL,'2789323',NULL,NULL),(479,NULL,'MENCHINI NICOLINO',NULL,'2791133',NULL,NULL),(480,NULL,'SANGENIS ALEJANDRO CARLOS',NULL,'2792015',NULL,NULL),(481,NULL,'RODRIGUEZ ROLANDO',NULL,'2792983',NULL,NULL),(482,NULL,'GIMENEZ VICENTE FELIX',NULL,'2793432',NULL,NULL),(483,NULL,'SORIANO JOSE FRANCISCO',NULL,'2793926',NULL,NULL),(484,NULL,'CHOCOBAR SERGIO ALEJANDRO',NULL,'22692097',NULL,NULL),(485,NULL,'GUDIO RAUL',NULL,'2796236',NULL,NULL),(486,NULL,'GUZMAN HILARION ALEJANDRINO',NULL,'2796260',NULL,NULL),(487,NULL,'SEZIN JULIO',NULL,'2796911',NULL,NULL),(488,NULL,'LUJAN GREGORIO RICARDO',NULL,'2797271',NULL,NULL),(489,NULL,'JARA GREGORIO ENCARNACION',NULL,'2797641',NULL,NULL),(490,NULL,'HANSEN ENRIQUE JUAN',NULL,'2798243',NULL,NULL),(491,NULL,'STASZEWSKY PABLO',NULL,'32562528',NULL,NULL),(492,NULL,'CASTILLO WALTER DANIEL',NULL,'31903648',NULL,NULL),(493,NULL,'VILLARREAL ALBERTO CEFERINO',NULL,'25510140',NULL,NULL),(494,NULL,'FERNANDEZ COSME MARTIN',NULL,'2831789',NULL,NULL),(495,NULL,'LOZZA ALBERTO ENRIQUE',NULL,'2837091',NULL,NULL),(496,NULL,'MARTINEZ CARLOS',NULL,'2837509',NULL,NULL),(497,NULL,'LEDESMA TORRES SERGIO DANIEL',NULL,'28342917',NULL,NULL),(498,NULL,'LUNA GERMAN ALFREDO',NULL,'2842801',NULL,NULL),(499,NULL,'GALIANO ROBERTO EDUARDO',NULL,'23241580',NULL,NULL),(500,NULL,'DEL CARMEN GABRIEL JESUS',NULL,'32740063',NULL,NULL),(501,NULL,'ACOSTA HUMBERTO ANTONIO',NULL,'2880767',NULL,NULL),(502,NULL,'ROSTAGNO PEDRO PABLO',NULL,'2883676',NULL,NULL),(503,NULL,'MORENO HUMBERTO',NULL,'2885735',NULL,NULL),(504,NULL,'PERASSI ANTONIO',NULL,'2889506',NULL,NULL),(505,NULL,'VENARUZZO LUIS ERENATO',NULL,'2893215',NULL,NULL),(506,NULL,'JUAREZ JOSE C.',NULL,'2894967',NULL,NULL),(507,NULL,'VEGA FABIAN SERGIO',NULL,'33763527',NULL,NULL),(508,NULL,'SALTO HECTOR JULIO',NULL,'2899104',NULL,NULL),(509,NULL,'TORRES DIEGO ALBERTO',NULL,'32409259',NULL,NULL),(510,NULL,'DOMINGUEZ PEDRO ALFREDO',NULL,'2904305',NULL,NULL),(511,NULL,'OYOLA ARTURO FAUSTINO',NULL,'2905547',NULL,NULL),(512,NULL,'GASCO CEFERINO',NULL,'2905977',NULL,NULL),(513,NULL,'GONZALEZ RODRIGO TOMAS',NULL,'33971416',NULL,NULL),(514,NULL,'BASAURY MARQUESTO CESAR AUGUSTO',NULL,'33756194',NULL,NULL),(515,NULL,'RODA MARIO BERNABE',NULL,'29397561',NULL,NULL),(516,NULL,'CASTRO AUGUSTO MARTIN',NULL,'30117004',NULL,NULL),(517,NULL,'IPARRAGUIRRE IGNACIO',NULL,'2966720',NULL,NULL),(518,NULL,'EPIFANIO VICTOR CIRIACO',NULL,'2967658',NULL,NULL),(519,NULL,'STURGEON DE LA SERNA TOMAS PERCIVAL JUAN',NULL,'32371830',NULL,NULL),(520,NULL,'DIAZ ANTONIO BONIFACIO',NULL,'2986759',NULL,NULL),(521,NULL,'VALLEJO ALFREDO FRANCISCO',NULL,'29877713',NULL,NULL),(522,NULL,'MARTINEZ ALVARO EZEQUIEL',NULL,'36039531',NULL,NULL),(523,NULL,'VICTORIA JAVIER EDUARDO',NULL,'30588680',NULL,NULL),(524,NULL,'ROJAS MIGUEL ANTONIO',NULL,'2999664',NULL,NULL),(525,NULL,'MORENO VENTURA',NULL,'2999778',NULL,NULL),(526,'4000','prueb','casas gutierrez','898989','fr@gmail.com','898989');
/*!40000 ALTER TABLE `clientes` ENABLE KEYS */;
UNLOCK TABLES;

--
-- Table structure for table `productos`
--

DROP TABLE IF EXISTS `productos`;
/*!40101 SET @saved_cs_client     = @@character_set_client */;
/*!40101 SET character_set_client = utf8 */;
CREATE TABLE `productos` (
  `id` bigint(20) unsigned NOT NULL AUTO_INCREMENT,
  `codigo` varchar(255) NOT NULL,
  `descripcion` varchar(255) NOT NULL,
  `precioVenta` decimal(5,2) NOT NULL,
  `precioCompra` decimal(5,2) NOT NULL,
  `existencia` decimal(5,2) NOT NULL,
  PRIMARY KEY (`id`)
) ENGINE=InnoDB AUTO_INCREMENT=13 DEFAULT CHARSET=utf8;
/*!40101 SET character_set_client = @saved_cs_client */;

--
-- Dumping data for table `productos`
--

LOCK TABLES `productos` WRITE;
/*!40000 ALTER TABLE `productos` DISABLE KEYS */;
INSERT INTO `productos` VALUES (1,'1','Galletas chokis',15.00,10.00,100.00),(2,'2','Mermelada de fresa',80.00,65.00,100.00),(3,'3','Aceite',20.00,18.00,100.00),(4,'4','Palomitas de maíz',15.00,12.00,170.00),(5,'5','Doritos',8.00,5.00,100.00),(7,'8789789789789','galletitas de agua',89.00,77.00,89.00),(8,'rrr','r',23.00,32.00,2.00),(9,'producto de prueba','f',2.00,3.00,4.00),(10,'7','hh',6.00,5.00,3.00),(11,'j','j',7.00,7.00,67.00),(12,'kkk','k',9.00,6.00,8.00);
/*!40000 ALTER TABLE `productos` ENABLE KEYS */;
UNLOCK TABLES;

--
-- Table structure for table `productos_vendidos`
--

DROP TABLE IF EXISTS `productos_vendidos`;
/*!40101 SET @saved_cs_client     = @@character_set_client */;
/*!40101 SET character_set_client = utf8 */;
CREATE TABLE `productos_vendidos` (
  `id` bigint(20) unsigned NOT NULL AUTO_INCREMENT,
  `id_producto` bigint(20) unsigned NOT NULL,
  `cantidad` bigint(20) unsigned NOT NULL,
  `precio` decimal(5,2) NOT NULL,
  `id_venta` bigint(20) unsigned NOT NULL,
  PRIMARY KEY (`id`),
  KEY `id_producto` (`id_producto`),
  KEY `id_venta` (`id_venta`),
  CONSTRAINT `productos_vendidos_ibfk_1` FOREIGN KEY (`id_producto`) REFERENCES `productos` (`id`) ON DELETE CASCADE,
  CONSTRAINT `productos_vendidos_ibfk_2` FOREIGN KEY (`id_venta`) REFERENCES `ventas` (`id`) ON DELETE CASCADE
) ENGINE=InnoDB DEFAULT CHARSET=utf8;
/*!40101 SET character_set_client = @saved_cs_client */;

--
-- Dumping data for table `productos_vendidos`
--

LOCK TABLES `productos_vendidos` WRITE;
/*!40000 ALTER TABLE `productos_vendidos` DISABLE KEYS */;
/*!40000 ALTER TABLE `productos_vendidos` ENABLE KEYS */;
UNLOCK TABLES;

--
-- Table structure for table `servicios`
--

DROP TABLE IF EXISTS `servicios`;
/*!40101 SET @saved_cs_client     = @@character_set_client */;
/*!40101 SET character_set_client = utf8 */;
CREATE TABLE `servicios` (
  `id` int(11) NOT NULL AUTO_INCREMENT,
  `nombre` varchar(20) NOT NULL,
  `descripcion` varchar(250) CHARACTER SET utf8 COLLATE utf8_unicode_ci DEFAULT NULL,
  `precio` decimal(5,2) DEFAULT NULL,
  PRIMARY KEY (`id`)
) ENGINE=InnoDB AUTO_INCREMENT=5 DEFAULT CHARSET=utf8;
/*!40101 SET character_set_client = @saved_cs_client */;

--
-- Dumping data for table `servicios`
--

LOCK TABLES `servicios` WRITE;
/*!40000 ALTER TABLE `servicios` DISABLE KEYS */;
INSERT INTO `servicios` VALUES (1,'instalacion de SO','instalar windows',159.00),(2,'Limpieza de PC','desarmado y limpieza de componentes de la PC',190.00),(3,'formateo ','formateo',330.00),(4,'Armado de red','Armado de red básico ',900.00);
/*!40000 ALTER TABLE `servicios` ENABLE KEYS */;
UNLOCK TABLES;

--
-- Table structure for table `usuarios`
--

DROP TABLE IF EXISTS `usuarios`;
/*!40101 SET @saved_cs_client     = @@character_set_client */;
/*!40101 SET character_set_client = utf8 */;
CREATE TABLE `usuarios` (
  `id` int(11) NOT NULL AUTO_INCREMENT,
  `nombres` varchar(250) COLLATE utf8_unicode_ci NOT NULL,
  `apellidos` varchar(250) COLLATE utf8_unicode_ci NOT NULL,
  `dni` varchar(20) COLLATE utf8_unicode_ci NOT NULL,
  `email` varchar(250) COLLATE utf8_unicode_ci NOT NULL,
  `celular` varchar(20) COLLATE utf8_unicode_ci NOT NULL,
  PRIMARY KEY (`id`),
  UNIQUE KEY `email` (`email`)
) ENGINE=InnoDB AUTO_INCREMENT=30 DEFAULT CHARSET=utf8 COLLATE=utf8_unicode_ci;
/*!40101 SET character_set_client = @saved_cs_client */;

--
-- Dumping data for table `usuarios`
--

LOCK TABLES `usuarios` WRITE;
/*!40000 ALTER TABLE `usuarios` DISABLE KEYS */;
INSERT INTO `usuarios` VALUES (1,'yony brondy','mamani fuentes','45454545','yonybrondy17@gmail.com','934343322'),(2,'juan francisco','casas gutierrez','45454545','juan@gmail.com','934343322'),(3,'carlos A','casa manchego','45454545','carlos@gmail.com','934343322'),(4,'adolfo','gutierrez caceres','45454545','adolfo@gmail.com','934343322'),(5,'luis carlos','casas gutierrez','45454545','lusica12@gmail.com','934343322'),(6,'juio','melendez  arapa','45454545','juliom12@gmail.com','934343322'),(7,'jose','arana lopez','45454545','josearana13@gmail.com','934343322'),(8,'felipe','caicedo morado','45454545','felipe1290@gmail.com','934343322'),(9,'fernando','tojas cahuana','45454545','tojasfernando2015@gmail.com','934343322'),(10,'harry','zapata sanchez','45454545','ZapataSanchez12@gmail.com','934343322'),(11,'melissa','medina chacon','45454545','melissa16_11@gmail.com','934343322'),(15,'yony brondy','mamani fuentes','45454545','yonybrondy173@gmail.com','934343322'),(16,'juan miguel','casas gutierrez','45454545','juan4@gmail.com','934343322'),(17,'carlos','casa manchego','45454545','carlos5@gmail.com','934343322'),(18,'adolfo','gutierrez caceres','45454545','adolf5o@gmail.com','934343322'),(19,'luis carlos','casas gutierrez','45454545','lusica152@gmail.com','934343322'),(20,'juio','melendez  arapa','45454545','juliom152@gmail.com','934343322'),(21,'jose','arana lopez','45454545','josearana153@gmail.com','934343322'),(22,'felipe','caicedo morado','45454545','felipe15290@gmail.com','934343322'),(23,'fernando','tojas cahuana','45454545','tojasf5ernando2015@gmail.com','934343322'),(24,'harry','zapata sanchez','45454545','ZapataSa5nchez12@gmail.com','934343322'),(25,'melissa','medina chacon','45454545','melissa516_11@gmail.com','934343322'),(27,'Paola','Lazarino','31644463','francisco.83@gmail.com','23434235'),(29,'francisco','Flores','29997415','francisc83@gmail.com','934343322');
/*!40000 ALTER TABLE `usuarios` ENABLE KEYS */;
UNLOCK TABLES;

--
-- Table structure for table `ventas`
--

DROP TABLE IF EXISTS `ventas`;
/*!40101 SET @saved_cs_client     = @@character_set_client */;
/*!40101 SET character_set_client = utf8 */;
CREATE TABLE `ventas` (
  `id` bigint(20) unsigned NOT NULL AUTO_INCREMENT,
  `fecha` datetime NOT NULL,
  PRIMARY KEY (`id`)
) ENGINE=InnoDB DEFAULT CHARSET=utf8;
/*!40101 SET character_set_client = @saved_cs_client */;

--
-- Dumping data for table `ventas`
--

LOCK TABLES `ventas` WRITE;
/*!40000 ALTER TABLE `ventas` DISABLE KEYS */;
/*!40000 ALTER TABLE `ventas` ENABLE KEYS */;
UNLOCK TABLES;
/*!40103 SET TIME_ZONE=@OLD_TIME_ZONE */;

/*!40101 SET SQL_MODE=@OLD_SQL_MODE */;
/*!40014 SET FOREIGN_KEY_CHECKS=@OLD_FOREIGN_KEY_CHECKS */;
/*!40014 SET UNIQUE_CHECKS=@OLD_UNIQUE_CHECKS */;
/*!40101 SET CHARACTER_SET_CLIENT=@OLD_CHARACTER_SET_CLIENT */;
/*!40101 SET CHARACTER_SET_RESULTS=@OLD_CHARACTER_SET_RESULTS */;
/*!40101 SET COLLATION_CONNECTION=@OLD_COLLATION_CONNECTION */;
/*!40111 SET SQL_NOTES=@OLD_SQL_NOTES */;

-- Dump completed on 2019-07-01 23:24:27
